level,segment,metric,eligible,reason,coverage,non_neutral_ratio,source_count,row_count,std_dev,avg,single_metric_top1,single_metric_winner_top3,single_metric_mae,single_metric_rho,single_metric_ndcg5
group,GLOBAL,degree_avg,True,eligible,1.0,1.0,7,7,32.6313,22.0143,0,0,2.29,-0.321,0.631
group,GLOBAL,degree_trend,True,eligible,1.0,0.2857,7,7,2.9763,48.2857,0,1,2.57,-0.036,0.734
group,GLOBAL,degree_stability,True,eligible,1.0,1.0,7,7,34.6971,84.8286,0,1,2.29,0.071,0.734
group,GLOBAL,form_trend,True,eligible,1.0,0.8571,7,7,12.4393,60.1429,0,0,3.43,-0.75,0.511
group,GLOBAL,track_suit,False,low_signal,1.0,0.0,7,7,0.0,50.0,0,0,3.43,-0.857,0.511
group,GLOBAL,track_experience_score,False,low_coverage,0.0,0.0,0,7,0.0,50.0,0,0,3.43,-0.857,0.511
group,GLOBAL,surface_transition_score,False,low_coverage,0.0,0.0,0,7,0.0,50.0,0,0,3.43,-0.857,0.511
group,GLOBAL,distance_suit,True,eligible,1.0,1.0,7,7,28.2576,55.2857,0,0,3.43,-0.821,0.521
group,GLOBAL,distance_transition_score,False,low_coverage,0.0,0.0,0,7,0.0,50.0,0,0,3.43,-0.857,0.511
group,GLOBAL,training_fitness,True,eligible,1.0,1.0,7,7,12.4012,80.9,0,0,1.71,0.321,0.756
group,GLOBAL,training_degree_score,True,eligible,1.0,1.0,7,7,6.0914,24.5286,0,0,2.86,-0.286,0.602
group,GLOBAL,weight_impact,True,eligible,1.0,1.0,7,7,24.3297,42.3286,0,0,3.14,-0.536,0.596
group,GLOBAL,handicap_efficiency_score,False,low_coverage,0.0,0.0,0,7,0.0,50.0,0,0,3.43,-0.857,0.511
group,GLOBAL,handicap_class_transition_score,False,low_coverage,0.0,0.0,0,7,0.0,50.0,0,0,3.43,-0.857,0.511
group,GLOBAL,running_style_proxy_score,False,low_coverage,0.0,0.0,0,7,0.0,50.0,0,0,3.43,-0.857,0.511
group,GLOBAL,jockey_score,True,eligible,1.0,0.8571,7,7,12.3176,39.7,1,1,2,0.25,0.8
group,GLOBAL,bounce_score,True,eligible,1.0,1.0,7,7,28.9616,54.2857,0,1,2.57,-0.143,0.677
group,GLOBAL,pace_score,True,eligible,1.0,0.7143,7,7,6.7763,49.2857,0,0,3.43,-0.857,0.53
group,GLOBAL,pedigree,False,low_signal,1.0,0.0,7,7,0.0,50.0,0,0,3.43,-0.857,0.511
group,GLOBAL,hp_score,False,low_signal,1.0,0.0,7,7,0.0,50.0,0,0,3.43,-0.857,0.511
group,GLOBAL,trainer_score,False,low_signal,1.0,0.0,7,7,0.0,50.0,0,0,3.43,-0.857,0.511
group,GLOBAL,agf_score,False,agf_disabled_for_segment,1.0,0.0,7,7,0.0,50.0,0,0,3.43,-0.857,0.511
group,GLOBAL,age_score,False,low_coverage,0.0,0.0,0,7,0.0,50.0,0,0,3.43,-0.857,0.511
group,GRUP,degree_avg,True,eligible,1.0,0.9892,186,186,36.7989,54.1559,2,8,3.24,-0.018,0.68
group,GRUP,degree_trend,True,eligible,1.0,0.8065,186,186,22.6082,49.5462,0,5,3.19,0.021,0.674
group,GRUP,degree_stability,True,eligible,1.0,0.9785,186,186,34.6941,36.8538,3,6,3.02,0.037,0.691
group,GRUP,form_trend,True,eligible,1.0,0.9839,186,186,13.0935,67.5505,1,6,2.94,0.135,0.692
group,GRUP,track_suit,True,eligible,1.0,0.5538,186,186,17.8872,53.55,5,8,3.01,0.154,0.731
group,GRUP,track_experience_score,True,eligible,0.3817,0.371,71,186,14.889,52.636,5,9,2.82,0.208,0.739
group,GRUP,surface_transition_score,False,low_coverage,0.0376,0.0376,7,186,6.0688,50.9409,2,8,2.86,0.212,0.728
group,GRUP,distance_suit,True,eligible,1.0,0.871,186,186,18.8493,70.7145,4,10,2.85,0.157,0.711
group,GRUP,distance_transition_score,False,low_coverage,0.0376,0.0376,7,186,6.258,51.0876,2,8,2.91,0.18,0.724
group,GRUP,training_fitness,True,eligible,0.9839,0.9785,183,186,13.3875,84.4312,3,6,3.17,0.036,0.687
group,GRUP,training_degree_score,True,eligible,0.957,0.9355,178,186,20.307,35.4478,4,8,2.99,0.097,0.705
group,GRUP,weight_impact,True,eligible,1.0,0.5376,186,186,8.1593,47.1495,1,8,2.7,0.255,0.76
group,GRUP,handicap_efficiency_score,False,low_coverage,0.0,0.0,0,186,0.0,50.0,2,8,2.88,0.208,0.727
group,GRUP,handicap_class_transition_score,False,low_coverage,0.0,0.0,0,186,0.0,50.0,2,8,2.88,0.208,0.727
group,GRUP,running_style_proxy_score,False,low_coverage,0.0753,0.0753,14,186,4.6112,50.3962,1,8,2.91,0.178,0.719
group,GRUP,jockey_score,True,eligible,1.0,0.8978,186,186,19.0998,53.8011,4,7,2.8,0.145,0.723
group,GRUP,bounce_score,True,eligible,1.0,0.9892,186,186,20.3907,86.0753,3,6,2.79,0.218,0.748
group,GRUP,pace_score,True,eligible,1.0,0.4355,186,186,5.337,50.1075,1,8,2.89,0.222,0.727
group,GRUP,pedigree,True,eligible,1.0,0.9892,186,186,5.8751,56.1151,3,9,2.98,0.103,0.727
group,GRUP,hp_score,True,eligible,1.0,0.9785,186,186,32.1205,56.7952,7,14,2.64,0.24,0.76
group,GRUP,trainer_score,True,eligible,0.8172,0.4194,152,186,12.5732,53.6285,5,10,2.8,0.239,0.752
group,GRUP,agf_score,False,agf_disabled_for_segment,0.8387,0.5753,156,186,26.5295,33.2161,5,10,2.62,0.326,0.788
group,GRUP,age_score,False,low_coverage,0.1828,0.1828,34,186,18.1753,47.3108,3,8,2.8,0.232,0.74
group,HANDIKAP,degree_avg,True,eligible,1.0,0.9457,1566,1566,32.7646,47.8413,16,49,3.52,0.063,0.659
group,HANDIKAP,degree_trend,True,eligible,1.0,0.7759,1566,1566,22.3362,51.7519,15,54,3.55,0.044,0.666
group,HANDIKAP,degree_stability,True,eligible,1.0,0.9464,1566,1566,34.0039,36.8993,15,45,3.41,0.111,0.682
group,HANDIKAP,form_trend,True,eligible,1.0,0.917,1566,1566,16.8986,49.8144,25,70,2.93,0.28,0.754
group,HANDIKAP,track_suit,True,eligible,1.0,0.613,1566,1566,15.8971,55.9818,22,53,3.29,0.161,0.721
group,HANDIKAP,track_experience_score,True,eligible,0.5102,0.4974,799,1566,14.6916,54.4239,24,57,3.23,0.188,0.726
group,HANDIKAP,surface_transition_score,False,low_coverage,0.2165,0.2101,339,1566,11.0767,50.8388,26,68,3.08,0.255,0.748
group,HANDIKAP,distance_suit,True,eligible,1.0,0.8959,1566,1566,20.1231,51.2917,26,60,3.16,0.188,0.725
group,HANDIKAP,distance_transition_score,False,low_coverage,0.2165,0.2126,339,1566,8.8484,50.092,27,68,3.07,0.257,0.75
group,HANDIKAP,training_fitness,True,eligible,0.9425,0.9023,1476,1566,17.5957,75.6983,22,60,3.34,0.161,0.707
group,HANDIKAP,training_degree_score,True,eligible,0.9125,0.8352,1429,1566,25.3872,54.9386,15,37,3.64,0.026,0.659
group,HANDIKAP,weight_impact,True,eligible,1.0,0.8793,1566,1566,15.9071,47.5826,14,40,3.77,-0.035,0.638
group,HANDIKAP,handicap_efficiency_score,True,eligible,0.3959,0.3033,620,1566,6.6684,51.9765,28,57,3.19,0.201,0.733
group,HANDIKAP,handicap_class_transition_score,False,low_coverage,0.2478,0.2165,388,1566,5.0026,49.5526,21,58,3.22,0.178,0.723
group,HANDIKAP,running_style_proxy_score,True,eligible,0.3582,0.3238,561,1566,12.2198,44.7345,27,71,3.05,0.257,0.747
group,HANDIKAP,jockey_score,True,eligible,1.0,0.9042,1566,1566,12.6359,41.028,24,63,3.38,0.125,0.707
group,HANDIKAP,bounce_score,True,eligible,1.0,0.9585,1566,1566,24.1303,76.1271,26,58,3.38,0.134,0.697
group,HANDIKAP,pace_score,True,eligible,1.0,0.9579,1566,1566,7.1524,45.7535,27,72,2.99,0.291,0.762
group,HANDIKAP,pedigree,True,eligible,0.9981,0.9591,1563,1566,6.9939,60.3545,23,56,3.41,0.104,0.71
group,HANDIKAP,hp_score,True,eligible,1.0,0.9783,1566,1566,31.3411,56.9057,18,47,3.37,0.127,0.684
group,HANDIKAP,trainer_score,True,eligible,0.7356,0.5134,1152,1566,10.8763,47.9971,21,55,3.36,0.144,0.713
group,HANDIKAP,agf_score,False,agf_disabled_for_segment,0.7893,0.6788,1236,1566,27.786,36.0952,31,83,2.76,0.37,0.79
group,HANDIKAP,age_score,True,eligible,0.3595,0.3084,563,1566,21.2958,43.848,18,53,3.33,0.156,0.71
group,KV,degree_avg,True,eligible,1.0,0.9628,430,430,34.5622,46.263,5,35,2.16,0.117,0.775
group,KV,degree_trend,True,eligible,1.0,0.7488,430,430,20.729,49.6216,9,31,2.35,0.082,0.755
group,KV,degree_stability,True,eligible,1.0,0.9628,430,430,36.2848,41.5388,10,26,2.37,0.089,0.742
group,KV,form_trend,True,eligible,1.0,0.9395,430,430,15.0858,62.5814,17,38,1.94,0.318,0.819
group,KV,track_suit,True,eligible,1.0,0.5186,430,430,17.1487,59.254,11,28,2.15,0.202,0.793
group,KV,track_experience_score,True,eligible,0.4326,0.4209,186,430,15.5687,56.4867,15,32,2.05,0.255,0.808
group,KV,surface_transition_score,False,low_coverage,0.1372,0.1349,59,430,9.1857,52.3165,14,38,1.94,0.318,0.827
group,KV,distance_suit,True,eligible,1.0,0.8884,430,430,19.2437,66.757,16,35,2.01,0.262,0.822
group,KV,distance_transition_score,False,low_coverage,0.1372,0.1326,59,430,7.8928,52.563,13,36,1.98,0.299,0.82
group,KV,training_fitness,True,eligible,0.9698,0.8512,417,430,17.362,78.9505,8,28,2.24,0.128,0.77
group,KV,training_degree_score,True,eligible,0.9605,0.8023,413,430,19.3986,39.644,3,23,2.6,-0.119,0.697
group,KV,weight_impact,True,eligible,1.0,0.6977,430,430,10.2754,48.4481,8,26,2.42,-0.03,0.74
group,KV,handicap_efficiency_score,False,low_coverage,0.0,0.0,0,430,0.0,50.0,12,37,1.9,0.328,0.828
group,KV,handicap_class_transition_score,False,low_coverage,0.0,0.0,0,430,0.0,50.0,12,37,1.9,0.328,0.828
group,KV,running_style_proxy_score,False,low_coverage,0.2256,0.2116,97,430,8.5517,51.0651,13,36,1.93,0.308,0.823
group,KV,jockey_score,True,eligible,1.0,0.8512,430,430,16.0369,48.5623,13,37,1.98,0.293,0.827
group,KV,bounce_score,True,eligible,1.0,0.9674,430,430,22.7078,80.3372,11,31,2.14,0.203,0.791
group,KV,pace_score,True,eligible,1.0,0.7023,430,430,6.3423,50.5465,12,35,1.99,0.277,0.819
group,KV,pedigree,True,eligible,1.0,0.8791,430,430,7.5552,57.6572,10,30,2.25,0.074,0.76
group,KV,hp_score,True,eligible,0.993,0.986,427,430,34.2784,52.5237,15,42,1.77,0.417,0.851
group,KV,trainer_score,True,eligible,0.7884,0.393,339,430,10.3634,51.5119,10,33,2.16,0.164,0.784
group,KV,agf_score,False,agf_disabled_for_segment,0.8395,0.5791,361,430,28.061,38.5395,17,38,1.76,0.416,0.847
group,KV,age_score,False,low_coverage,0.2163,0.2023,93,430,17.7648,47.573,10,35,1.96,0.278,0.817
group,MAIDEN,degree_avg,True,eligible,1.0,0.8645,1026,1026,32.2208,51.0992,15,45,2.94,0.193,0.727
group,MAIDEN,degree_trend,True,eligible,1.0,0.4337,1026,1026,24.1018,45.0693,14,37,3.07,0.134,0.715
group,MAIDEN,degree_stability,True,eligible,1.0,0.8743,1026,1026,34.6685,68.7995,20,45,3.09,0.122,0.719
group,MAIDEN,form_trend,True,eligible,1.0,0.6442,1026,1026,14.2304,48.5866,31,66,2.44,0.403,0.809
group,MAIDEN,track_suit,True,eligible,1.0,0.4094,1026,1026,7.6091,50.212,16,48,2.8,0.268,0.766
group,MAIDEN,track_experience_score,True,eligible,0.385,0.3674,395,1026,7.1924,49.1082,22,50,2.81,0.242,0.76
group,MAIDEN,surface_transition_score,False,low_coverage,0.1745,0.1706,179,1026,7.0357,48.9365,30,61,2.6,0.341,0.794
group,MAIDEN,distance_suit,True,eligible,1.0,0.7788,1026,1026,23.2321,43.0876,27,53,2.55,0.365,0.788
group,MAIDEN,distance_transition_score,False,low_coverage,0.1745,0.1715,179,1026,6.1383,49.4665,28,56,2.6,0.34,0.788
group,MAIDEN,training_fitness,True,eligible,0.9503,0.8645,975,1026,17.4444,75.9364,18,48,2.91,0.224,0.738
group,MAIDEN,training_degree_score,True,eligible,0.9376,0.7573,962,1026,28.9152,55.1135,16,32,3.27,0.047,0.681
group,MAIDEN,weight_impact,True,eligible,1.0,0.46,1026,1026,7.9702,48.2127,14,44,3.16,0.076,0.688
group,MAIDEN,handicap_efficiency_score,False,low_coverage,0.0,0.0,0,1026,0.0,50.0,31,59,2.52,0.377,0.806
group,MAIDEN,handicap_class_transition_score,False,low_coverage,0.0,0.0,0,1026,0.0,50.0,31,59,2.52,0.377,0.806
group,MAIDEN,running_style_proxy_score,True,eligible,0.3129,0.2271,321,1026,11.5146,46.7158,25,53,2.76,0.262,0.762
group,MAIDEN,jockey_score,True,eligible,1.0,0.8772,1026,1026,12.2033,36.2495,8,36,3.27,0.029,0.675
group,MAIDEN,bounce_score,True,eligible,1.0,0.8791,1026,1026,22.9077,76.462,27,46,2.85,0.248,0.758
group,MAIDEN,pace_score,True,eligible,1.0,0.807,1026,1026,7.1701,47.0419,28,55,2.68,0.292,0.775
group,MAIDEN,pedigree,True,eligible,0.961,0.8655,986,1026,7.8034,59.4722,21,48,3.03,0.189,0.734
group,MAIDEN,hp_score,True,eligible,0.6754,0.7797,693,1026,35.9823,38.2418,22,58,2.41,0.419,0.811
group,MAIDEN,trainer_score,True,eligible,0.7329,0.463,752,1026,9.3348,47.8439,18,44,3.01,0.172,0.736
group,MAIDEN,agf_score,True,eligible,0.8314,0.6813,853,1026,29.1175,34.4284,33,59,2.31,0.448,0.823
group,MAIDEN,age_score,False,low_coverage,0.0,0.0,0,1026,0.0,50.0,31,59,2.52,0.377,0.806
group,SARTLI,degree_avg,True,eligible,1.0,0.778,1626,1626,30.6878,48.845,50,104,2.46,0.198,0.768
group,SARTLI,degree_trend,True,eligible,1.0,0.5886,1626,1626,18.4428,49.8742,38,95,2.7,0.113,0.743
group,SARTLI,degree_stability,True,eligible,1.0,0.7786,1626,1626,32.6448,42.9038,42,86,2.64,0.122,0.74
group,SARTLI,form_trend,True,eligible,1.0,0.7325,1626,1626,15.6394,52.4164,46,107,2.21,0.363,0.808
group,SARTLI,track_suit,True,eligible,1.0,0.4963,1626,1626,14.7278,56.0203,46,106,2.4,0.275,0.783
group,SARTLI,track_experience_score,True,eligible,0.3856,0.3745,627,1626,12.9242,53.9848,51,110,2.4,0.269,0.781
group,SARTLI,surface_transition_score,False,low_coverage,0.1654,0.1617,269,1626,8.8209,50.7686,56,109,2.36,0.276,0.793
group,SARTLI,distance_suit,True,eligible,1.0,0.7423,1626,1626,19.9204,56.0344,51,112,2.23,0.36,0.804
group,SARTLI,distance_transition_score,False,low_coverage,0.1654,0.1593,269,1626,7.2759,50.646,53,104,2.38,0.271,0.79
group,SARTLI,training_fitness,True,eligible,0.9385,0.8954,1526,1626,17.3751,73.0919,40,92,2.52,0.18,0.762
group,SARTLI,training_degree_score,True,eligible,0.9053,0.69,1472,1626,22.582,49.8763,33,79,2.8,0.024,0.721
group,SARTLI,weight_impact,True,eligible,1.0,0.6384,1626,1626,9.9192,49.3388,30,78,2.78,0.049,0.726
group,SARTLI,handicap_efficiency_score,False,low_coverage,0.0,0.0,0,1626,0.0,50.0,54,108,2.34,0.293,0.794
group,SARTLI,handicap_class_transition_score,False,low_coverage,0.0,0.0,0,1626,0.0,50.0,54,108,2.34,0.293,0.794
group,SARTLI,running_style_proxy_score,True,eligible,0.3272,0.2226,532,1626,10.6494,47.7086,54,109,2.39,0.278,0.792
group,SARTLI,jockey_score,True,eligible,1.0,0.7177,1626,1626,12.6389,43.441,44,97,2.52,0.187,0.766
group,SARTLI,bounce_score,True,eligible,1.0,0.7884,1626,1626,23.6131,71.682,47,100,2.48,0.218,0.77
group,SARTLI,pace_score,True,eligible,1.0,0.8758,1626,1626,7.2455,48.1335,44,102,2.39,0.238,0.784
group,SARTLI,pedigree,True,eligible,0.9846,0.9471,1601,1626,6.8057,61.2153,35,83,2.55,0.178,0.756
group,SARTLI,hp_score,True,eligible,0.8358,0.8124,1359,1626,31.5595,50.868,49,125,2.1,0.414,0.821
group,SARTLI,trainer_score,True,eligible,0.7423,0.5326,1207,1626,10.7276,48.4317,47,98,2.5,0.212,0.767
group,SARTLI,agf_score,False,agf_disabled_for_segment,0.8026,0.7189,1305,1626,29.99,36.0427,67,124,1.98,0.46,0.846
group,SARTLI,age_score,False,low_coverage,0.2208,0.2066,359,1626,17.0322,46.918,47,101,2.41,0.25,0.782
group,SATIS,degree_avg,True,eligible,1.0,0.9226,168,168,31.5783,45.344,2,5,3.26,0.077,0.673
group,SATIS,degree_trend,True,eligible,1.0,0.8095,168,168,21.8603,50.9214,4,7,3.09,0.132,0.708
group,SATIS,degree_stability,True,eligible,1.0,0.9107,168,168,28.8295,32.75,2,4,3.38,0.045,0.685
group,SATIS,form_trend,True,eligible,1.0,0.8869,168,168,15.3545,47.5625,5,11,2.77,0.266,0.752
group,SATIS,track_suit,True,eligible,1.0,0.5595,168,168,15.2464,54.9923,3,6,2.91,0.285,0.731
group,SATIS,track_experience_score,True,eligible,0.4345,0.4345,73,168,13.4874,52.8208,5,7,2.99,0.229,0.714
group,SATIS,surface_transition_score,True,eligible,0.369,0.369,62,168,13.7424,48.4494,5,8,2.87,0.227,0.729
group,SATIS,distance_suit,True,eligible,1.0,0.8929,168,168,19.9101,51.3988,4,10,2.54,0.399,0.801
group,SATIS,distance_transition_score,True,eligible,0.369,0.3631,62,168,11.9974,48.4363,5,10,2.95,0.217,0.733
group,SATIS,training_fitness,True,eligible,0.9405,0.8631,158,168,18.7657,73.5339,4,6,3.25,0.08,0.697
group,SATIS,training_degree_score,True,eligible,0.9107,0.8036,153,168,22.2692,48.6238,5,7,3.63,-0.043,0.651
group,SATIS,weight_impact,True,eligible,1.0,0.7857,168,168,12.4999,48.4804,1,5,3.13,0.144,0.725
group,SATIS,handicap_efficiency_score,False,low_coverage,0.0,0.0,0,168,0.0,50.0,5,8,2.88,0.201,0.71
group,SATIS,handicap_class_transition_score,False,low_coverage,0.0,0.0,0,168,0.0,50.0,5,8,2.88,0.201,0.71
group,SATIS,running_style_proxy_score,True,eligible,0.4583,0.4167,77,168,13.9394,42.2601,5,7,3.01,0.173,0.704
group,SATIS,jockey_score,True,eligible,1.0,0.9107,168,168,14.2218,38.7786,4,7,3.4,0.026,0.705
group,SATIS,bounce_score,True,eligible,1.0,0.9464,168,168,24.4066,73.3631,5,9,2.95,0.242,0.76
group,SATIS,pace_score,True,eligible,1.0,0.994,168,168,7.101,45.1488,4,10,2.96,0.21,0.728
group,SATIS,pedigree,True,eligible,0.9821,0.8929,165,168,7.7936,59.9161,3,8,3.14,0.076,0.672
group,SATIS,hp_score,True,eligible,0.9881,0.9821,166,168,31.8618,51.547,3,8,2.56,0.367,0.774
group,SATIS,trainer_score,True,eligible,0.7262,0.4881,122,168,10.5415,48.2399,2,5,3.2,0.141,0.687
group,SATIS,agf_score,False,agf_disabled_for_segment,0.756,0.6429,127,168,26.6985,37.1857,5,8,2.6,0.316,0.759
group,SATIS,age_score,False,low_coverage,0.1667,0.125,28,168,14.6886,47.5988,3,8,2.8,0.213,0.708
profile,HANDIKAP14,degree_avg,True,eligible,1.0,0.9778,90,90,32.6485,56.1956,0,0,4.35,-0.059,0.596
profile,HANDIKAP14,degree_trend,True,eligible,1.0,0.8556,90,90,25.7568,47.7311,0,2,4.36,-0.04,0.587
profile,HANDIKAP14,degree_stability,True,eligible,1.0,0.9444,90,90,37.2991,38.9167,1,4,3.61,0.279,0.722
profile,HANDIKAP14,form_trend,True,eligible,1.0,0.9778,90,90,19.0665,46.0533,0,3,3.57,0.263,0.728
profile,HANDIKAP14,track_suit,True,eligible,1.0,0.7,90,90,14.9119,53.81,1,4,3.5,0.272,0.739
profile,HANDIKAP14,track_experience_score,True,eligible,0.7111,0.6778,64,90,15.3034,52.1344,1,4,3.56,0.231,0.721
profile,HANDIKAP14,surface_transition_score,True,eligible,0.4111,0.3889,37,90,14.8241,47.9967,0,4,3.61,0.249,0.708
profile,HANDIKAP14,distance_suit,True,eligible,1.0,0.9889,90,90,24.1518,47.5056,1,4,3.37,0.378,0.774
profile,HANDIKAP14,distance_transition_score,True,eligible,0.4111,0.3889,37,90,11.4504,48.3033,1,5,3.64,0.254,0.741
profile,HANDIKAP14,training_fitness,True,eligible,0.9222,0.9222,83,90,14.1745,81.62,0,2,4.11,0.12,0.637
profile,HANDIKAP14,training_degree_score,True,eligible,0.9222,0.9111,83,90,25.617,56.5733,0,2,4.23,0.183,0.676
profile,HANDIKAP14,weight_impact,True,eligible,1.0,0.9222,90,90,15.1517,42.6844,0,1,4.25,0.0,0.638
profile,HANDIKAP14,handicap_efficiency_score,True,eligible,0.5667,0.4667,51,90,8.3252,51.6222,0,3,3.85,0.18,0.697
profile,HANDIKAP14,handicap_class_transition_score,True,eligible,0.3556,0.3222,32,90,3.4366,52.1167,0,3,3.79,0.185,0.686
profile,HANDIKAP14,running_style_proxy_score,True,eligible,0.5667,0.5333,51,90,16.1085,38.7289,0,4,3.89,0.107,0.672
profile,HANDIKAP14,jockey_score,True,eligible,1.0,0.9222,90,90,11.0868,40.2989,0,2,3.99,0.103,0.682
profile,HANDIKAP14,bounce_score,True,eligible,1.0,1.0,90,90,22.6961,81.0,0,1,4.12,0.03,0.638
profile,HANDIKAP14,pace_score,True,eligible,1.0,0.8889,90,90,6.7011,45.6111,1,3,3.13,0.411,0.788
profile,HANDIKAP14,pedigree,True,eligible,1.0,0.9889,90,90,5.5502,59.03,0,2,3.97,0.178,0.721
profile,HANDIKAP14,hp_score,True,eligible,1.0,0.9333,90,90,29.26,57.0722,0,2,3.65,0.203,0.709
profile,HANDIKAP14,trainer_score,True,eligible,0.7333,0.5,66,90,9.8722,49.5389,0,1,3.92,0.084,0.68
profile,HANDIKAP14,agf_score,False,agf_disabled_for_segment,0.8556,0.8556,77,90,29.1353,28.4411,0,4,3.2,0.375,0.778
profile,HANDIKAP14,age_score,False,low_coverage,0.2111,0.2111,19,90,19.0351,42.3333,0,4,3.33,0.35,0.741
profile,HANDIKAP14|Kum,degree_avg,True,eligible,1.0,0.9322,236,236,31.5849,50.678,2,7,3.94,-0.042,0.591
profile,HANDIKAP14|Kum,degree_trend,True,eligible,1.0,0.8008,236,236,23.2007,53.6636,3,5,3.76,0.065,0.625
profile,HANDIKAP14|Kum,degree_stability,True,eligible,1.0,0.9322,236,236,33.2304,38.1004,3,8,3.2,0.28,0.731
profile,HANDIKAP14|Kum,form_trend,True,eligible,1.0,0.9153,236,236,15.7389,46.8936,5,8,2.98,0.367,0.782
profile,HANDIKAP14|Kum,track_suit,True,eligible,1.0,0.6144,236,236,14.7303,54.6551,3,7,3.59,0.182,0.727
profile,HANDIKAP14|Kum,track_experience_score,True,eligible,0.4958,0.4915,117,236,13.6274,53.5936,5,10,3.26,0.321,0.772
profile,HANDIKAP14|Kum,surface_transition_score,False,low_coverage,0.2034,0.1992,48,236,9.018,49.2657,5,12,3.05,0.361,0.781
profile,HANDIKAP14|Kum,distance_suit,True,eligible,1.0,0.9068,236,236,19.7815,46.2678,2,9,3.09,0.261,0.753
profile,HANDIKAP14|Kum,distance_transition_score,False,low_coverage,0.2034,0.1992,48,236,7.7819,48.6432,4,11,2.96,0.383,0.79
profile,HANDIKAP14|Kum,training_fitness,True,eligible,0.9873,0.9576,233,236,16.772,76.4877,7,11,3.52,0.193,0.726
profile,HANDIKAP14|Kum,training_degree_score,True,eligible,0.9364,0.8856,221,236,25.3117,67.2017,4,5,3.72,0.095,0.682
profile,HANDIKAP14|Kum,weight_impact,True,eligible,1.0,0.9068,236,236,17.1999,41.5551,3,5,3.94,0.0,0.644
profile,HANDIKAP14|Kum,handicap_efficiency_score,True,eligible,0.4025,0.2924,95,236,6.7696,52.6517,5,9,3.21,0.27,0.753
profile,HANDIKAP14|Kum,handicap_class_transition_score,False,low_coverage,0.1822,0.1737,43,236,3.0074,51.2106,4,13,3.24,0.248,0.753
profile,HANDIKAP14|Kum,running_style_proxy_score,False,low_coverage,0.2415,0.2288,57,236,11.0185,45.675,4,12,3.03,0.368,0.785
profile,HANDIKAP14|Kum,jockey_score,True,eligible,1.0,0.9025,236,236,11.0103,38.6856,5,11,3.48,0.185,0.75
profile,HANDIKAP14|Kum,bounce_score,True,eligible,1.0,0.9449,236,236,25.0486,72.9661,4,9,3.55,0.155,0.696
profile,HANDIKAP14|Kum,pace_score,True,eligible,1.0,0.9619,236,236,6.9195,45.0424,4,12,2.98,0.368,0.799
profile,HANDIKAP14|Kum,pedigree,True,eligible,0.9915,0.9831,234,236,5.5097,64.8962,6,10,3.62,0.025,0.72
profile,HANDIKAP14|Kum,hp_score,True,eligible,1.0,0.9831,236,236,29.3351,61.689,2,8,3.47,0.208,0.685
profile,HANDIKAP14|Kum,trainer_score,True,eligible,0.6864,0.5381,162,236,9.9672,46.4419,3,10,3.49,0.138,0.724
profile,HANDIKAP14|Kum,agf_score,False,agf_disabled_for_segment,0.7373,0.6695,174,236,27.5184,36.4826,6,14,2.75,0.45,0.821
profile,HANDIKAP14|Kum,age_score,True,eligible,0.2924,0.2839,69,236,19.6376,41.803,3,9,3.51,0.208,0.721
profile,HANDIKAP15,degree_avg,True,eligible,1.0,0.8305,59,59,31.2421,45.522,0,1,3.55,0.203,0.666
profile,HANDIKAP15,degree_trend,True,eligible,1.0,0.661,59,59,20.2841,57.0475,0,2,3.59,0.04,0.651
profile,HANDIKAP15,degree_stability,True,eligible,1.0,0.8475,59,59,28.4301,35.3322,0,2,3.78,0.045,0.64
profile,HANDIKAP15,form_trend,True,eligible,1.0,0.8305,59,59,14.4661,47.8068,0,1,3.45,0.059,0.684
profile,HANDIKAP15,track_suit,True,eligible,1.0,0.4746,59,59,11.021,53.1169,1,2,3.3,0.155,0.708
profile,HANDIKAP15,track_experience_score,True,eligible,0.5593,0.5254,33,59,12.1288,52.1,1,2,3.01,0.278,0.721
profile,HANDIKAP15,surface_transition_score,True,eligible,0.4915,0.4746,29,59,16.9396,48.5559,2,2,3.29,0.204,0.711
profile,HANDIKAP15,distance_suit,True,eligible,1.0,0.7627,59,59,20.0659,49.6932,1,1,3.66,0.068,0.648
profile,HANDIKAP15,distance_transition_score,True,eligible,0.4915,0.4915,29,59,13.8521,47.6254,3,3,3.59,0.08,0.706
profile,HANDIKAP15,training_fitness,True,eligible,1.0,0.9831,59,59,13.0158,86.1915,0,1,3.89,-0.003,0.649
profile,HANDIKAP15,training_degree_score,True,eligible,1.0,0.8475,59,59,19.5558,47.3847,0,2,3.99,-0.065,0.553
profile,HANDIKAP15,weight_impact,True,eligible,1.0,0.7627,59,59,15.3077,48.2186,1,2,3.91,-0.076,0.619
profile,HANDIKAP15,handicap_efficiency_score,True,eligible,0.7119,0.4068,42,59,8.9125,55.8678,2,2,3.32,0.093,0.699
profile,HANDIKAP15,handicap_class_transition_score,True,eligible,0.4746,0.4576,28,59,3.7894,50.9051,1,4,3.45,0.12,0.664
profile,HANDIKAP15,running_style_proxy_score,True,eligible,0.7119,0.5254,42,59,14.9061,41.5373,1,3,3.48,0.061,0.659
profile,HANDIKAP15,jockey_score,True,eligible,1.0,0.7797,59,59,11.6498,39.4542,1,3,3.87,-0.037,0.598
profile,HANDIKAP15,bounce_score,True,eligible,1.0,0.8305,59,59,23.271,73.0508,0,0,3.39,0.23,0.699
profile,HANDIKAP15,pace_score,True,eligible,1.0,1.0,59,59,7.447,46.6102,1,2,3.41,0.111,0.671
profile,HANDIKAP15,pedigree,True,eligible,1.0,0.9661,59,59,3.9068,55.8831,1,2,3.44,0.158,0.711
profile,HANDIKAP15,hp_score,True,eligible,1.0,0.9661,59,59,27.9557,65.5,1,3,3.56,0.22,0.709
profile,HANDIKAP15,trainer_score,True,eligible,0.9153,0.5254,54,59,8.4505,46.7356,1,3,3.38,0.211,0.717
profile,HANDIKAP15,agf_score,False,agf_disabled_for_segment,1.0,0.661,59,59,28.7313,34.4424,2,3,3.0,0.328,0.761
profile,HANDIKAP15,age_score,True,eligible,0.3729,0.3559,22,59,19.4841,46.4661,2,2,3.21,0.24,0.72
profile,HANDIKAP15|Cim,degree_avg,True,eligible,1.0,0.929,324,324,31.1462,45.3639,4,7,4.15,0.092,0.627
profile,HANDIKAP15|Cim,degree_trend,True,eligible,1.0,0.679,324,324,25.6759,51.5373,1,10,4.26,0.029,0.641
profile,HANDIKAP15|Cim,degree_stability,True,eligible,1.0,0.9414,324,324,38.6287,45.9111,2,5,4.05,0.067,0.657
profile,HANDIKAP15|Cim,form_trend,True,eligible,1.0,0.9074,324,324,16.413,46.892,3,10,3.4,0.263,0.724
profile,HANDIKAP15|Cim,track_suit,True,eligible,1.0,0.6574,324,324,15.5633,54.3944,3,5,3.8,0.189,0.698
profile,HANDIKAP15|Cim,track_experience_score,True,eligible,0.4907,0.4784,159,324,13.8933,52.5917,3,5,3.8,0.165,0.68
profile,HANDIKAP15|Cim,surface_transition_score,False,low_coverage,0.1914,0.1883,62,324,9.8228,50.3,3,7,3.66,0.256,0.724
profile,HANDIKAP15|Cim,distance_suit,True,eligible,1.0,0.8549,324,324,22.4622,47.5738,7,10,3.66,0.22,0.702
profile,HANDIKAP15|Cim,distance_transition_score,False,low_coverage,0.1914,0.1852,62,324,7.9377,50.0867,4,7,3.52,0.301,0.729
profile,HANDIKAP15|Cim,training_fitness,True,eligible,0.9074,0.858,294,324,18.918,74.167,4,5,4.06,0.096,0.661
profile,HANDIKAP15|Cim,training_degree_score,True,eligible,0.892,0.7963,289,324,27.4284,53.9747,0,2,4.21,-0.003,0.616
profile,HANDIKAP15|Cim,weight_impact,True,eligible,1.0,0.858,324,324,14.5884,47.7441,2,5,4.64,-0.077,0.596
profile,HANDIKAP15|Cim,handicap_efficiency_score,True,eligible,0.4599,0.3704,149,324,7.5955,53.063,3,5,4.01,0.139,0.67
profile,HANDIKAP15|Cim,handicap_class_transition_score,True,eligible,0.3056,0.2315,99,324,2.0052,50.0503,2,4,3.67,0.234,0.697
profile,HANDIKAP15|Cim,running_style_proxy_score,True,eligible,0.4352,0.4043,141,324,13.9866,41.8238,5,8,3.51,0.281,0.719
profile,HANDIKAP15|Cim,jockey_score,True,eligible,1.0,0.8827,324,324,11.5823,40.4608,3,6,4.04,0.076,0.677
profile,HANDIKAP15|Cim,bounce_score,True,eligible,1.0,0.9568,324,324,24.3506,75.1698,3,6,4.08,0.084,0.659
profile,HANDIKAP15|Cim,pace_score,True,eligible,1.0,0.9537,324,324,6.69,44.5216,4,9,3.62,0.252,0.721
profile,HANDIKAP15|Cim,pedigree,True,eligible,0.9969,0.9198,323,324,6.2894,55.9781,3,7,4.06,0.054,0.653
profile,HANDIKAP15|Cim,hp_score,True,eligible,1.0,0.9877,324,324,30.6195,55.1093,1,5,3.96,0.115,0.642
profile,HANDIKAP15|Cim,trainer_score,True,eligible,0.7685,0.5247,249,324,11.7605,47.7972,2,6,3.99,0.156,0.69
profile,HANDIKAP15|Cim,agf_score,False,agf_disabled_for_segment,0.8241,0.7377,267,324,27.4318,32.6426,7,14,3.04,0.439,0.808
profile,HANDIKAP15|Cim,age_score,True,eligible,0.3179,0.2654,103,324,17.6247,46.8086,2,3,3.91,0.17,0.686
profile,HANDIKAP15|Kum,degree_avg,True,eligible,1.0,0.956,273,273,33.0619,45.1147,2,8,3.26,0.07,0.663
profile,HANDIKAP15|Kum,degree_trend,True,eligible,1.0,0.8059,273,273,21.1379,54.1788,3,7,3.17,0.088,0.69
profile,HANDIKAP15|Kum,degree_stability,True,eligible,1.0,0.9524,273,273,33.6759,39.6403,1,5,3.55,-0.01,0.643
profile,HANDIKAP15|Kum,form_trend,True,eligible,1.0,0.8901,273,273,16.1536,49.4674,2,14,2.72,0.306,0.768
profile,HANDIKAP15|Kum,track_suit,True,eligible,1.0,0.619,273,273,17.5068,56.722,3,11,3.15,0.135,0.72
profile,HANDIKAP15|Kum,track_experience_score,True,eligible,0.5421,0.5311,148,273,16.2662,55.7179,2,10,3.1,0.163,0.72
profile,HANDIKAP15|Kum,surface_transition_score,False,low_coverage,0.1978,0.1941,54,273,10.9856,52.0575,3,10,2.95,0.229,0.741
profile,HANDIKAP15|Kum,distance_suit,True,eligible,1.0,0.9084,273,273,19.3614,49.8623,4,13,2.99,0.189,0.743
profile,HANDIKAP15|Kum,distance_transition_score,False,low_coverage,0.1978,0.1978,54,273,7.65,50.1853,2,8,2.97,0.217,0.739
profile,HANDIKAP15|Kum,training_fitness,True,eligible,0.9121,0.8791,249,273,17.1729,72.7974,4,14,3.13,0.178,0.727
profile,HANDIKAP15|Kum,training_degree_score,True,eligible,0.8755,0.8022,239,273,24.3665,60.7989,3,11,3.51,-0.021,0.654
profile,HANDIKAP15|Kum,weight_impact,True,eligible,1.0,0.8828,273,273,14.3989,47.3996,1,6,3.67,-0.09,0.634
profile,HANDIKAP15|Kum,handicap_efficiency_score,True,eligible,0.348,0.293,95,273,6.2145,50.667,3,7,3.07,0.178,0.734
profile,HANDIKAP15|Kum,handicap_class_transition_score,True,eligible,0.2601,0.2271,71,273,2.0167,49.8659,1,5,3.13,0.129,0.725
profile,HANDIKAP15|Kum,running_style_proxy_score,True,eligible,0.348,0.3004,95,273,12.0295,44.7868,2,10,2.91,0.267,0.757
profile,HANDIKAP15|Kum,jockey_score,True,eligible,1.0,0.9231,273,273,12.1501,40.0886,2,10,3.24,0.128,0.702
profile,HANDIKAP15|Kum,bounce_score,True,eligible,1.0,0.9634,273,273,24.2542,72.6923,7,13,3.23,0.102,0.71
profile,HANDIKAP15|Kum,pace_score,True,eligible,1.0,0.9707,273,273,7.0876,45.2015,2,12,2.71,0.339,0.769
profile,HANDIKAP15|Kum,pedigree,True,eligible,1.0,0.9963,273,273,4.8078,64.8326,2,9,3.34,0.054,0.697
profile,HANDIKAP15|Kum,hp_score,True,eligible,1.0,0.9634,273,273,32.648,55.6352,3,11,3.06,0.126,0.706
profile,HANDIKAP15|Kum,trainer_score,True,eligible,0.7546,0.5275,206,273,10.831,48.1923,2,10,3.27,0.118,0.717
profile,HANDIKAP15|Kum,agf_score,False,agf_disabled_for_segment,0.8022,0.6593,219,273,27.2524,36.6062,3,13,2.66,0.377,0.784
profile,HANDIKAP15|Kum,age_score,True,eligible,0.4322,0.348,118,273,22.2614,40.696,0,9,3.06,0.183,0.723
profile,HANDIKAP16,degree_avg,True,eligible,1.0,0.9545,66,66,33.3648,54.9242,0,4,2.8,0.181,0.75
profile,HANDIKAP16,degree_trend,True,eligible,1.0,0.8333,66,66,24.4335,52.2682,1,5,3.1,0.015,0.687
profile,HANDIKAP16,degree_stability,True,eligible,1.0,0.9394,66,66,25.6383,31.5364,0,2,3.02,0.067,0.686
profile,HANDIKAP16,form_trend,True,eligible,1.0,0.9242,66,66,18.2919,49.8364,1,4,2.33,0.277,0.763
profile,HANDIKAP16,track_suit,True,eligible,1.0,0.2273,66,66,10.0272,52.7561,3,5,2.7,0.091,0.765
profile,HANDIKAP16,track_experience_score,True,eligible,0.2879,0.2879,19,66,11.2742,51.6197,3,5,2.74,0.055,0.758
profile,HANDIKAP16,surface_transition_score,False,low_coverage,0.1061,0.1061,7,66,8.6278,50.7545,2,5,2.68,0.115,0.758
profile,HANDIKAP16,distance_suit,True,eligible,1.0,0.8485,66,66,16.3302,56.147,3,4,2.55,0.259,0.773
profile,HANDIKAP16,distance_transition_score,False,low_coverage,0.1061,0.1061,7,66,5.404,51.4318,2,5,2.64,0.161,0.764
profile,HANDIKAP16,training_fitness,True,eligible,1.0,0.9697,66,66,14.6559,83.4318,0,3,2.61,0.221,0.731
profile,HANDIKAP16,training_degree_score,True,eligible,0.9545,0.8636,63,66,24.0027,49.7803,0,1,3.56,-0.163,0.628
profile,HANDIKAP16,weight_impact,True,eligible,1.0,0.8636,66,66,17.6419,46.1439,0,3,2.96,0.095,0.695
profile,HANDIKAP16,handicap_efficiency_score,False,low_coverage,0.2273,0.1818,15,66,5.599,51.8848,3,4,2.6,0.103,0.767
profile,HANDIKAP16,handicap_class_transition_score,False,low_coverage,0.0909,0.0606,6,66,1.8301,49.5394,2,4,2.81,0.018,0.731
profile,HANDIKAP16,running_style_proxy_score,False,low_coverage,0.2273,0.1818,15,66,6.9213,49.2621,2,3,2.66,0.11,0.769
profile,HANDIKAP16,jockey_score,True,eligible,1.0,0.8788,66,66,12.6717,41.15,1,4,2.8,0.035,0.688
profile,HANDIKAP16,bounce_score,True,eligible,1.0,0.9394,66,66,24.0504,81.0606,1,5,2.62,0.161,0.729
profile,HANDIKAP16,pace_score,True,eligible,1.0,0.8939,66,66,7.0271,47.2727,2,4,2.47,0.183,0.78
profile,HANDIKAP16,pedigree,True,eligible,1.0,0.9848,66,66,3.8606,56.5439,3,4,2.45,0.242,0.803
profile,HANDIKAP16,hp_score,True,eligible,1.0,1.0,66,66,30.474,59.5652,2,2,3.02,0.09,0.708
profile,HANDIKAP16,trainer_score,True,eligible,0.5152,0.4848,34,66,13.3213,46.5091,2,3,2.45,0.2,0.791
profile,HANDIKAP16,agf_score,False,agf_disabled_for_segment,0.3333,0.3182,22,66,19.9957,45.9515,3,5,2.39,0.273,0.808
profile,HANDIKAP16,age_score,False,low_coverage,0.1212,0.1212,8,66,17.142,46.9697,2,4,2.84,0.047,0.736
profile,HANDIKAP16|Cim,degree_avg,True,eligible,1.0,0.9542,153,153,32.9918,48.698,2,5,4.18,0.009,0.639
profile,HANDIKAP16|Cim,degree_trend,True,eligible,1.0,0.817,153,153,20.9383,45.9739,2,6,4.07,0.107,0.701
profile,HANDIKAP16|Cim,degree_stability,True,eligible,1.0,0.9542,153,153,35.2022,31.3039,1,2,4.38,-0.015,0.585
profile,HANDIKAP16|Cim,form_trend,True,eligible,1.0,0.9477,153,153,18.3099,47.7699,5,8,3.65,0.227,0.7
profile,HANDIKAP16|Cim,track_suit,True,eligible,1.0,0.7712,153,153,16.7556,55.4908,1,4,4.13,0.042,0.658
profile,HANDIKAP16|Cim,track_experience_score,True,eligible,0.5817,0.5686,89,153,14.9223,53.6307,1,3,4.28,-0.003,0.638
profile,HANDIKAP16|Cim,surface_transition_score,False,low_coverage,0.1307,0.1242,20,153,8.5332,49.3229,3,7,3.69,0.229,0.725
profile,HANDIKAP16|Cim,distance_suit,True,eligible,1.0,0.8431,153,153,19.3122,47.8784,3,5,3.96,0.141,0.708
profile,HANDIKAP16|Cim,distance_transition_score,False,low_coverage,0.1307,0.1307,20,153,7.8445,48.585,3,7,3.75,0.213,0.724
profile,HANDIKAP16|Cim,training_fitness,True,eligible,1.0,0.9935,153,153,16.9022,75.3261,2,5,3.47,0.274,0.708
profile,HANDIKAP16|Cim,training_degree_score,True,eligible,0.9869,0.9346,151,153,25.0202,44.6863,2,3,4.19,0.079,0.648
profile,HANDIKAP16|Cim,weight_impact,True,eligible,1.0,0.8889,153,153,15.4729,52.2928,2,4,4.19,0.022,0.639
profile,HANDIKAP16|Cim,handicap_efficiency_score,False,low_coverage,0.1765,0.1699,27,153,5.7148,51.315,3,7,3.81,0.179,0.719
profile,HANDIKAP16|Cim,handicap_class_transition_score,False,low_coverage,0.1176,0.1176,18,153,2.8961,49.0281,2,6,4.15,0.071,0.677
profile,HANDIKAP16|Cim,running_style_proxy_score,False,low_coverage,0.1765,0.1699,27,153,9.7134,46.8085,3,7,3.94,0.173,0.704
profile,HANDIKAP16|Cim,jockey_score,True,eligible,1.0,0.9346,153,153,12.336,42.2758,4,5,4.2,-0.014,0.655
profile,HANDIKAP16|Cim,bounce_score,True,eligible,1.0,0.9673,153,153,23.7138,79.2484,3,5,3.83,0.195,0.686
profile,HANDIKAP16|Cim,pace_score,True,eligible,1.0,1.0,153,153,7.0356,44.902,4,8,3.76,0.238,0.722
profile,HANDIKAP16|Cim,pedigree,True,eligible,1.0,0.9673,153,153,6.375,57.3033,0,3,4.27,0.022,0.677
profile,HANDIKAP16|Cim,hp_score,True,eligible,1.0,0.9935,153,153,31.8813,51.983,2,2,4.12,0.001,0.595
profile,HANDIKAP16|Cim,trainer_score,True,eligible,0.7712,0.5294,118,153,10.6,48.8791,1,5,4.36,-0.013,0.645
profile,HANDIKAP16|Cim,agf_score,False,agf_disabled_for_segment,0.9281,0.8431,142,153,30.0992,34.7817,2,9,3.44,0.329,0.75
profile,HANDIKAP16|Cim,age_score,True,eligible,0.4771,0.3464,73,153,24.2049,44.2255,3,4,4.15,0.07,0.667
profile,HANDIKAP16|Kum,degree_avg,True,eligible,1.0,0.9747,158,158,34.1118,46.943,6,9,2.91,0.07,0.728
profile,HANDIKAP16|Kum,degree_trend,True,eligible,1.0,0.8101,158,158,18.6112,51.3209,5,8,3.05,-0.016,0.68
profile,HANDIKAP16|Kum,degree_stability,True,eligible,1.0,0.9684,158,158,30.689,37.05,3,6,2.86,0.06,0.7
profile,HANDIKAP16|Kum,form_trend,True,eligible,1.0,0.943,158,158,16.8818,54.8108,5,9,2.39,0.252,0.784
profile,HANDIKAP16|Kum,track_suit,True,eligible,1.0,0.519,158,158,16.4488,58.8576,2,6,2.83,0.121,0.708
profile,HANDIKAP16|Kum,track_experience_score,True,eligible,0.2848,0.2785,45,158,12.5539,55.1867,3,8,2.75,0.145,0.736
profile,HANDIKAP16|Kum,surface_transition_score,False,low_coverage,0.2025,0.1899,32,158,10.8104,52.912,2,8,2.75,0.163,0.741
profile,HANDIKAP16|Kum,distance_suit,True,eligible,1.0,0.9494,158,158,16.5619,57.3873,2,2,2.96,-0.029,0.671
profile,HANDIKAP16|Kum,distance_transition_score,False,low_coverage,0.2025,0.2025,32,158,9.7075,51.5209,2,9,2.74,0.166,0.732
profile,HANDIKAP16|Kum,training_fitness,True,eligible,0.962,0.8228,152,158,18.0714,72.3968,0,6,2.94,0.104,0.718
profile,HANDIKAP16|Kum,training_degree_score,True,eligible,0.9114,0.7532,144,158,19.9842,53.7918,1,3,3.11,-0.015,0.685
profile,HANDIKAP16|Kum,weight_impact,True,eligible,1.0,0.8671,158,158,13.2957,51.6538,4,5,3.06,-0.014,0.679
profile,HANDIKAP16|Kum,handicap_efficiency_score,True,eligible,0.2975,0.2215,47,158,5.4301,51.1842,3,8,2.66,0.172,0.751
profile,HANDIKAP16|Kum,handicap_class_transition_score,False,low_coverage,0.2405,0.2089,38,158,3.0474,48.8962,3,7,2.9,0.069,0.712
profile,HANDIKAP16|Kum,running_style_proxy_score,True,eligible,0.2975,0.2658,47,158,10.0446,47.6082,4,10,2.61,0.171,0.747
profile,HANDIKAP16|Kum,jockey_score,True,eligible,1.0,0.9241,158,158,13.7594,42.3329,5,12,2.8,0.139,0.729
profile,HANDIKAP16|Kum,bounce_score,True,eligible,1.0,0.9747,158,158,24.1097,78.038,3,7,2.89,0.094,0.696
profile,HANDIKAP16|Kum,pace_score,True,eligible,1.0,0.9367,158,158,7.3856,47.1519,3,9,2.67,0.202,0.767
profile,HANDIKAP16|Kum,pedigree,True,eligible,1.0,0.8671,158,158,6.5379,63.1785,3,7,2.76,0.152,0.723
profile,HANDIKAP16|Kum,hp_score,True,eligible,1.0,0.9873,158,158,31.3494,58.6342,2,5,2.99,0.088,0.702
profile,HANDIKAP16|Kum,trainer_score,True,eligible,0.6709,0.3861,106,158,8.7381,48.8791,3,6,2.9,0.094,0.693
profile,HANDIKAP16|Kum,agf_score,False,agf_disabled_for_segment,0.7468,0.538,118,158,26.4225,41.0519,4,8,2.54,0.234,0.766
profile,HANDIKAP16|Kum,age_score,False,low_coverage,0.1013,0.1013,16,158,9.2917,48.7335,3,8,2.81,0.112,0.724
profile,SART1,degree_avg,False,low_signal,1.0,0.0,246,246,0.0,50.0,7,14,2.5,0.274,0.793
profile,SART1,degree_trend,False,low_signal,1.0,0.0,246,246,0.0,50.0,7,14,2.5,0.274,0.793
profile,SART1,degree_stability,False,low_signal,1.0,0.0,246,246,0.0,50.0,7,14,2.5,0.274,0.793
profile,SART1,form_trend,False,low_signal,1.0,0.0,246,246,0.0,50.0,7,14,2.5,0.274,0.793
profile,SART1,track_suit,False,low_signal,1.0,0.0,246,246,0.0,50.0,7,14,2.5,0.274,0.793
profile,SART1,track_experience_score,False,low_coverage,0.0,0.0,0,246,0.0,50.0,7,14,2.5,0.274,0.793
profile,SART1,surface_transition_score,False,low_coverage,0.0,0.0,0,246,0.0,50.0,7,14,2.5,0.274,0.793
profile,SART1,distance_suit,False,low_signal,1.0,0.0,246,246,0.0,50.0,7,14,2.5,0.274,0.793
profile,SART1,distance_transition_score,False,low_coverage,0.0,0.0,0,246,0.0,50.0,7,14,2.5,0.274,0.793
profile,SART1,training_fitness,True,eligible,0.878,0.8089,216,246,16.3514,76.1394,4,14,2.71,0.14,0.747
profile,SART1,training_degree_score,False,low_signal,0.8659,0.0,213,246,0.0,50.0,7,14,2.5,0.274,0.793
profile,SART1,weight_impact,False,low_signal,1.0,0.0,246,246,0.0,50.0,7,14,2.5,0.274,0.793
profile,SART1,handicap_efficiency_score,False,low_coverage,0.0,0.0,0,246,0.0,50.0,7,14,2.5,0.274,0.793
profile,SART1,handicap_class_transition_score,False,low_coverage,0.0,0.0,0,246,0.0,50.0,7,14,2.5,0.274,0.793
profile,SART1,running_style_proxy_score,False,low_signal,0.4431,0.0,109,246,0.0,50.0,7,14,2.5,0.274,0.793
profile,SART1,jockey_score,False,low_signal,1.0,0.0041,246,246,0.3181,50.0203,8,14,2.49,0.277,0.794
profile,SART1,bounce_score,False,low_signal,1.0,0.0,246,246,0.0,50.0,7,14,2.5,0.274,0.793
profile,SART1,pace_score,True,eligible,1.0,0.9512,246,246,1.077,54.7561,7,14,2.5,0.274,0.793
profile,SART1,pedigree,True,eligible,0.9309,0.8455,229,246,6.8203,60.648,2,5,2.68,0.166,0.747
profile,SART1,hp_score,False,low_coverage,0.0854,0.0,21,246,0.0,50.0,7,14,2.5,0.274,0.793
profile,SART1,trainer_score,True,eligible,0.8211,0.6341,202,246,11.6484,50.5301,3,9,2.93,0.078,0.711
profile,SART1,agf_score,True,eligible,0.9634,0.9065,237,246,31.6274,33.2715,6,13,2.11,0.414,0.835
profile,SART1,age_score,False,low_coverage,0.0,0.0,0,246,0.0,50.0,7,14,2.5,0.274,0.793
profile,SART3,degree_avg,True,eligible,1.0,0.8764,348,348,31.8463,49.4256,11,18,2.63,0.213,0.771
profile,SART3,degree_trend,True,eligible,1.0,0.6695,348,348,21.3897,49.3193,7,17,2.96,0.091,0.734
profile,SART3,degree_stability,True,eligible,1.0,0.8736,348,348,35.7576,43.0727,6,14,2.87,0.093,0.718
profile,SART3,form_trend,True,eligible,1.0,0.8333,348,348,17.0427,50.2828,10,25,2.21,0.471,0.822
profile,SART3,track_suit,True,eligible,1.0,0.6006,348,348,15.6047,55.7483,11,21,2.57,0.318,0.779
profile,SART3,track_experience_score,True,eligible,0.5172,0.5057,180,348,14.4127,53.8543,11,22,2.56,0.318,0.777
profile,SART3,surface_transition_score,False,low_coverage,0.1695,0.158,59,348,8.3402,50.0934,8,21,2.62,0.241,0.774
profile,SART3,distance_suit,True,eligible,1.0,0.8276,348,348,22.1616,53.8063,11,23,2.32,0.404,0.817
profile,SART3,distance_transition_score,False,low_coverage,0.1695,0.1609,59,348,6.9709,49.9218,9,22,2.55,0.29,0.776
profile,SART3,training_fitness,True,eligible,0.9856,0.9483,343,348,16.765,73.0055,6,18,2.79,0.126,0.738
profile,SART3,training_degree_score,True,eligible,0.9397,0.8046,327,348,24.4382,51.3296,7,16,3.06,-0.009,0.697
profile,SART3,weight_impact,True,eligible,1.0,0.7529,348,348,10.684,46.5874,6,11,2.98,0.051,0.718
profile,SART3,handicap_efficiency_score,False,low_coverage,0.0,0.0,0,348,0.0,50.0,9,22,2.52,0.295,0.785
profile,SART3,handicap_class_transition_score,False,low_coverage,0.0,0.0,0,348,0.0,50.0,9,22,2.52,0.295,0.785
profile,SART3,running_style_proxy_score,True,eligible,0.3247,0.2529,113,348,11.7049,46.2086,9,22,2.61,0.251,0.77
profile,SART3,jockey_score,True,eligible,1.0,0.7989,348,348,11.8827,41.3805,9,21,2.71,0.165,0.761
profile,SART3,bounce_score,True,eligible,1.0,0.8908,348,348,24.1334,74.0086,8,18,2.71,0.19,0.754
profile,SART3,pace_score,True,eligible,1.0,0.8534,348,348,7.1857,46.2356,8,21,2.57,0.237,0.779
profile,SART3,pedigree,True,eligible,1.0,0.9713,348,348,6.7688,61.4563,11,18,2.66,0.249,0.76
profile,SART3,hp_score,True,eligible,0.9626,0.9828,335,348,35.9855,48.0603,7,30,2.1,0.479,0.846
profile,SART3,trainer_score,True,eligible,0.6954,0.5201,242,348,9.9133,48.0779,9,18,2.63,0.243,0.772
profile,SART3,agf_score,False,agf_disabled_for_segment,0.8132,0.7759,283,348,30.9455,33.6049,15,27,2.09,0.494,0.857
profile,SART3,age_score,True,eligible,0.2816,0.2471,98,348,17.8519,46.0244,8,20,2.46,0.319,0.791
profile,SART4,degree_avg,True,eligible,1.0,0.9314,481,481,34.0054,49.9289,15,37,2.24,0.185,0.773
profile,SART4,degree_trend,True,eligible,1.0,0.6736,481,481,18.7258,49.0405,14,32,2.51,0.074,0.75
profile,SART4,degree_stability,True,eligible,1.0,0.9376,481,481,35.4556,42.7035,18,35,2.4,0.128,0.749
profile,SART4,form_trend,True,eligible,1.0,0.8836,481,481,17.3337,55.4938,19,38,2.07,0.303,0.812
profile,SART4,track_suit,True,eligible,1.0,0.605,481,481,15.1313,59.0364,15,35,2.17,0.235,0.787
profile,SART4,track_experience_score,True,eligible,0.5218,0.5073,251,481,14.3284,56.5407,20,38,2.12,0.265,0.796
profile,SART4,surface_transition_score,True,eligible,0.2682,0.2661,129,481,11.5372,51.5089,23,42,2.05,0.29,0.807
profile,SART4,distance_suit,True,eligible,1.0,0.8732,481,481,20.1274,60.7807,18,40,1.88,0.388,0.823
profile,SART4,distance_transition_score,True,eligible,0.2682,0.262,129,481,9.7757,51.431,23,39,2.13,0.26,0.8
profile,SART4,training_fitness,True,eligible,0.9397,0.9044,452,481,17.7258,72.5094,16,30,2.19,0.218,0.793
profile,SART4,training_degree_score,True,eligible,0.9064,0.8254,436,481,22.5289,46.0869,10,28,2.51,-0.006,0.734
profile,SART4,weight_impact,True,eligible,1.0,0.7713,481,481,10.7625,49.7407,6,28,2.67,-0.047,0.714
profile,SART4,handicap_efficiency_score,False,low_coverage,0.0,0.0,0,481,0.0,50.0,22,42,2.09,0.289,0.804
profile,SART4,handicap_class_transition_score,False,low_coverage,0.0,0.0,0,481,0.0,50.0,22,42,2.09,0.289,0.804
profile,SART4,running_style_proxy_score,True,eligible,0.3867,0.3472,186,481,13.4763,47.289,25,45,2.08,0.31,0.811
profile,SART4,jockey_score,True,eligible,1.0,0.8399,481,481,12.8427,43.5657,16,33,2.2,0.218,0.785
profile,SART4,bounce_score,True,eligible,1.0,0.9439,481,481,23.5663,76.9958,15,30,2.29,0.181,0.767
profile,SART4,pace_score,True,eligible,1.0,0.8462,481,481,7.2229,47.0166,18,40,2.18,0.204,0.788
profile,SART4,pedigree,True,eligible,0.9938,0.9626,478,481,6.5899,61.5644,13,33,2.38,0.102,0.758
profile,SART4,hp_score,True,eligible,0.9792,0.9896,471,481,34.3733,51.4393,19,45,1.8,0.465,0.838
profile,SART4,trainer_score,True,eligible,0.7838,0.526,377,481,10.3898,49.18,21,40,2.1,0.257,0.798
profile,SART4,agf_score,False,agf_disabled_for_segment,0.8274,0.7006,398,481,30.0732,36.7518,28,45,1.75,0.445,0.85
profile,SART4,age_score,True,eligible,0.2744,0.2703,132,481,19.0063,45.7518,17,38,2.22,0.225,0.785
profile,SART5,degree_avg,True,eligible,1.0,0.9453,384,384,33.8318,46.0089,14,27,2.42,0.141,0.75
profile,SART5,degree_trend,True,eligible,1.0,0.7786,384,384,18.3444,52.3685,8,25,2.64,0.056,0.723
profile,SART5,degree_stability,True,eligible,1.0,0.9401,384,384,30.7493,35.1443,6,14,2.6,0.06,0.725
profile,SART5,form_trend,True,eligible,1.0,0.9271,384,384,15.9362,54.5177,7,21,2.08,0.375,0.802
profile,SART5,track_suit,True,eligible,1.0,0.6224,384,384,17.112,58.8958,9,26,2.31,0.278,0.772
profile,SART5,track_experience_score,True,eligible,0.4115,0.4036,158,384,14.4622,54.9911,9,26,2.46,0.191,0.741
profile,SART5,surface_transition_score,False,low_coverage,0.1536,0.1536,59,384,9.2561,51.2331,15,24,2.31,0.249,0.778
profile,SART5,distance_suit,True,eligible,1.0,0.9271,384,384,18.1598,61.788,12,28,2.28,0.292,0.774
profile,SART5,distance_transition_score,False,low_coverage,0.1536,0.1458,59,384,7.1723,50.8263,12,21,2.38,0.208,0.766
profile,SART5,training_fitness,True,eligible,0.9062,0.862,348,384,18.0837,72.5201,10,22,2.55,0.135,0.745
profile,SART5,training_degree_score,True,eligible,0.862,0.776,331,384,21.7535,47.6299,6,13,2.9,-0.069,0.691
profile,SART5,weight_impact,True,eligible,1.0,0.7917,384,384,10.6297,51.0586,8,19,2.67,0.044,0.716
profile,SART5,handicap_efficiency_score,False,low_coverage,0.0,0.0,0,384,0.0,50.0,14,21,2.31,0.258,0.774
profile,SART5,handicap_class_transition_score,False,low_coverage,0.0,0.0,0,384,0.0,50.0,14,21,2.31,0.258,0.774
profile,SART5,running_style_proxy_score,True,eligible,0.2578,0.224,99,384,9.8985,47.4255,10,20,2.4,0.225,0.771
profile,SART5,jockey_score,True,eligible,1.0,0.8672,384,384,13.845,45.2487,9,22,2.55,0.13,0.737
profile,SART5,bounce_score,True,eligible,1.0,0.9557,384,384,22.0957,77.2526,14,28,2.43,0.183,0.764
profile,SART5,pace_score,True,eligible,1.0,0.9089,384,384,7.2953,48.151,9,20,2.28,0.236,0.777
profile,SART5,pedigree,True,eligible,1.0,0.9609,384,384,6.822,61.7943,6,19,2.46,0.184,0.747
profile,SART5,hp_score,True,eligible,0.9922,0.9714,381,384,33.2651,54.2221,13,28,2.1,0.363,0.798
profile,SART5,trainer_score,True,eligible,0.7422,0.487,285,384,10.329,48.5521,10,23,2.4,0.217,0.766
profile,SART5,agf_score,False,agf_disabled_for_segment,0.7891,0.6641,303,384,29.2656,39.0323,14,31,1.95,0.477,0.842
profile,SART5,age_score,True,eligible,0.2943,0.2812,113,384,20.7839,46.1992,13,20,2.48,0.154,0.748
